Problem	Algorithm	AverageRunTimeInMilliseconds	Iterations	Error
Parabola	Naive Gradient Descent	0.11684401035308838	46	0.0003536372575640726
Parabola	Gradient Descent	0.40176370143890383	38	3.768479227604652e-8
Parabola	Newton's Method	0.046521997451782225	1	0.0
Parabola	BFGS	0.06633989810943604	2	8.881784197001252e-16
Parabola	L-BFGS	0.03494689464569092	3	0.0
Parabola	Nelder-Mead	6.457542610168457	175	0.0003675767954575949
