Problem	Algorithm	AverageRunTimeInMilliseconds	Iterations	Error
Parabola	Naive Gradient Descent	0.08010249137878418	46	0.0003536372575640726
Parabola	Gradient Descent	0.23804919719696044	38	3.768479227604652e-8
Parabola	Newton's Method	0.03930389881134033	1	0.0
Parabola	BFGS	0.04652769565582275	2	8.881784197001252e-16
Parabola	L-BFGS	0.025988101959228516	3	0.0
Parabola	Nelder-Mead	3.570216417312622	143	0.0003356170797082742
Parabola	Simulated Annealing	307.9877305030823	100000	0.192582497112495
